﻿<?xml version="1.0" encoding="UTF-8" standalone="yes"?>
<addon id="repository.exodus" name="Exodus repository" version="2.0.1" provider-name="Exodus">
	<extension point="xbmc.addon.repository" name="Exodus repository">

    <dir>
		<info compressed="false">https://github.com/coadyj/addons/blob/master/fun-stuff/addons.xml</info>
		<checksum>https://github.com/coadyj/addons/blob/master/fun-stuff/addons.xml.md5</checksum>
		<datadir zip="true">https://github.com/coadyj/addons/tree/master/fun-stuff</datadir>
    </dir>

	</extension>
	<extension point="xbmc.addon.metadata">
		<summary lang="en">Exodus repository</summary>
		<description lang="en">Exodus repository</description>
		<platform>all</platform>
		<forum>https://www.tvaddons.ag/forums</forum>
        <website>https://www.tvaddons.ag</website>
	</extension>
</addon>